firm,slug,dateIso,blockTimeUtc,requestedUsd,receivedUsdc,splitPct,chain,txHash,explorerUrl,method,readIso
Propr.xyz,propr,2026-09-18,2026-09-18T14:25:47Z,286.11,228.89,80,ethereum,0xaf3d396582e56281f89bd955fc1c2471ff325eddee1d297f986c2390da3b33a8,https://etherscan.io/tx/0xaf3d396582e56281f89bd955fc1c2471ff325eddee1d297f986c2390da3b33a8,onchain-match,2026-09-19
Propr.xyz,propr,2026-09-18,2026-09-18T06:16:11Z,444.23,355.38,80,ethereum,0x62e8fcdfba36f2a7f50dd9a166ac42f6bd4dd18db574b856df2b73e3c4f6c349,https://etherscan.io/tx/0x62e8fcdfba36f2a7f50dd9a166ac42f6bd4dd18db574b856df2b73e3c4f6c349,onchain-match,2026-09-19
Propr.xyz,propr,2026-08-22,2026-08-22T09:24:59Z,192.39,153.91,80,ethereum,0xea78acbfbbbe3cea235c511d6a00fab24ed58c2e0624a04610d35adcfca1d37c,https://etherscan.io/tx/0xea78acbfbbbe3cea235c511d6a00fab24ed58c2e0624a04610d35adcfca1d37c,onchain-match,2026-09-19
Propr.xyz,propr,2026-08-22,2026-08-22T08:51:59Z,118.47,94.78,80,ethereum,0x1f2a2b0eb6b681c8278217462f423a1f4d6aa3e73d93086df0a1109836ae2b05,https://etherscan.io/tx/0x1f2a2b0eb6b681c8278217462f423a1f4d6aa3e73d93086df0a1109836ae2b05,onchain-match,2026-09-19
Propr.xyz,propr,2026-08-22,2026-08-22T06:54:59Z,230.22,184.18,80,ethereum,0xd2bcb665f66e833413ca2848f6b75e837fe16b63400d16d00a759142a9427860,https://etherscan.io/tx/0xd2bcb665f66e833413ca2848f6b75e837fe16b63400d16d00a759142a9427860,onchain-match,2026-09-19
Propr.xyz,propr,2026-08-22,2026-08-22T05:58:11Z,957.43,765.94,80,ethereum,0xd83927e43736db9462c05f59e0fc11d069aeac6871cf2095802676bd88075dac,https://etherscan.io/tx/0xd83927e43736db9462c05f59e0fc11d069aeac6871cf2095802676bd88075dac,onchain-match,2026-09-19
Propr.xyz,propr,2026-08-22,2026-08-22T03:05:23Z,374.4,299.52,80,ethereum,0x98db21d28d55905c22bc7ed59ce2fb33bf6db82472579d56752b8196ac17910d,https://etherscan.io/tx/0x98db21d28d55905c22bc7ed59ce2fb33bf6db82472579d56752b8196ac17910d,onchain-match,2026-09-19
Propr.xyz,propr,2026-08-21,2026-08-21T12:43:11Z,234.45,187.56,80,ethereum,0x119b27fd6c73af785ab93c8faa9cd54f2da70d820db71f30920412840728169e,https://etherscan.io/tx/0x119b27fd6c73af785ab93c8faa9cd54f2da70d820db71f30920412840728169e,onchain-match,2026-09-19
Propr.xyz,propr,2026-08-21,2026-08-21T11:20:47Z,147.85,118.28,80,ethereum,0xef3213c050227b044144f364963bd492786225ae796f8559a1786c5515d664e0,https://etherscan.io/tx/0xef3213c050227b044144f364963bd492786225ae796f8559a1786c5515d664e0,onchain-match,2026-09-19
Propr.xyz,propr,2026-08-20,2026-08-20T16:19:59Z,227.25,181.8,80,ethereum,0x57c9a9705a50062dafc501bbde6cf0da4e6fe2b5702c7c62ec3072acc846dc4c,https://etherscan.io/tx/0x57c9a9705a50062dafc501bbde6cf0da4e6fe2b5702c7c62ec3072acc846dc4c,onchain-match,2026-09-19
Propr.xyz,propr,2026-08-19,2026-08-19T13:28:59Z,50.52,40.42,80,ethereum,0x81e9ca435b7cec6b110f9bfd036e037aca8c6cdc645e20e1a970cdc94aa09b7c,https://etherscan.io/tx/0x81e9ca435b7cec6b110f9bfd036e037aca8c6cdc645e20e1a970cdc94aa09b7c,onchain-match,2026-09-19
Propr.xyz,propr,2026-08-04,2026-08-04T01:27:11Z,94.73,75.79,80,ethereum,0xc3915179a028c3936af0e66aeacd7a9301fe03faae81c448d9d8c18fc1d6e351,https://etherscan.io/tx/0xc3915179a028c3936af0e66aeacd7a9301fe03faae81c448d9d8c18fc1d6e351,onchain-match,2026-09-19
Propr.xyz,propr,2026-08-03,2026-08-03T14:19:23Z,205.08,164.07,80,ethereum,0x7df143a2e0771942032f9df05e6bc5c534110459470aecc43087adebf55be8c8,https://etherscan.io/tx/0x7df143a2e0771942032f9df05e6bc5c534110459470aecc43087adebf55be8c8,onchain-match,2026-09-19
Propr.xyz,propr,2026-08-03,2026-08-03T13:21:35Z,216.11,172.88,80,ethereum,0xde34d9ba038c768ad9270b54ec68f4d2dbc7bb855e1355ee78f447b60ab584ca,https://etherscan.io/tx/0xde34d9ba038c768ad9270b54ec68f4d2dbc7bb855e1355ee78f447b60ab584ca,onchain-match,2026-09-19
Propr.xyz,propr,2026-08-01,2026-08-01T23:22:35Z,420.19,336.15,80,ethereum,0x722c686a2ca71c303c3a28dfb19561a5275be94800434ffb724b900e3cf6ef17,https://etherscan.io/tx/0x722c686a2ca71c303c3a28dfb19561a5275be94800434ffb724b900e3cf6ef17,onchain-match,2026-09-19
Propr.xyz,propr,2026-07-31,2026-07-31T18:53:35Z,149.74,119.79,80,ethereum,0x0400ed91d0c82de7abffa5e13b8ebfba9b71c712cfeaf988982a1e8c36326160,https://etherscan.io/tx/0x0400ed91d0c82de7abffa5e13b8ebfba9b71c712cfeaf988982a1e8c36326160,onchain-match,2026-09-19
Propr.xyz,propr,2026-07-31,2026-07-31T12:01:23Z,151.38,121.1,80,ethereum,0x8c809c571d2128dcabb61ac6436739749505f71eba5650b464e5624fd3bce565,https://etherscan.io/tx/0x8c809c571d2128dcabb61ac6436739749505f71eba5650b464e5624fd3bce565,onchain-match,2026-09-19
Propr.xyz,propr,2026-07-31,2026-07-31T09:11:35Z,412.81,330.25,80,ethereum,0xebb6e841798fbed70fd6a64f500fe119312c88c235277868a516b8a9c4b63c18,https://etherscan.io/tx/0xebb6e841798fbed70fd6a64f500fe119312c88c235277868a516b8a9c4b63c18,onchain-match,2026-09-19
Propr.xyz,propr,2026-07-29,2026-07-29T14:55:35Z,185.95,148.76,80,ethereum,0x4c9ad8ef14a91be60ce86117828d74b2eab1d919edc471a1d8db94fc2238d97d,https://etherscan.io/tx/0x4c9ad8ef14a91be60ce86117828d74b2eab1d919edc471a1d8db94fc2238d97d,onchain-match,2026-09-19
Propr.xyz,propr,2026-07-29,2026-07-29T12:46:23Z,130.43,104.35,80,ethereum,0x95c392c35a4c684f84d778100716ebc72afbbf8c5e80945f7c6353d24ffb081e,https://etherscan.io/tx/0x95c392c35a4c684f84d778100716ebc72afbbf8c5e80945f7c6353d24ffb081e,onchain-match,2026-09-19
Propr.xyz,propr,2026-07-29,2026-07-29T07:16:35Z,248.42,198.73,80,ethereum,0x2e0805a2ebdfeda65be77939e11da75d3981f680cf77c31a7ebbcbc70c7268ec,https://etherscan.io/tx/0x2e0805a2ebdfeda65be77939e11da75d3981f680cf77c31a7ebbcbc70c7268ec,onchain-match,2026-09-19
Propr.xyz,propr,2026-07-28,2026-07-28T15:19:35Z,351.71,281.37,80,ethereum,0xaf8ba7c522a6117b8ac749adfd720cf6729aa5455c0c950c094b47f7b501eb7e,https://etherscan.io/tx/0xaf8ba7c522a6117b8ac749adfd720cf6729aa5455c0c950c094b47f7b501eb7e,onchain-match,2026-09-19
Propr.xyz,propr,2026-07-22,2026-07-22T14:00:35Z,80.69,64.55,80,ethereum,0x7ba3f61116cd18a90685a84a0d35454825f6d5a96e3883b68c26282e199acdf5,https://etherscan.io/tx/0x7ba3f61116cd18a90685a84a0d35454825f6d5a96e3883b68c26282e199acdf5,onchain-match,2026-09-19
Propr.xyz,propr,2026-07-20,2026-07-20T14:07:11Z,156.3,125.04,80,ethereum,0x7d18ac53d8a434957314eb7b7bb71188b5141dfabb8ba0448099e773704ee51f,https://etherscan.io/tx/0x7d18ac53d8a434957314eb7b7bb71188b5141dfabb8ba0448099e773704ee51f,onchain-match,2026-09-19
Propr.xyz,propr,2026-07-17,2026-07-17T09:52:11Z,201.01,160.81,80,ethereum,0x50953f0e5fbaf0394242e8b61fef2409db4d458206149a9e5805fbae0ecfa6ae,https://etherscan.io/tx/0x50953f0e5fbaf0394242e8b61fef2409db4d458206149a9e5805fbae0ecfa6ae,onchain-match,2026-09-19
Propr.xyz,propr,2026-07-17,2026-07-17T02:12:11Z,111.41,89.13,80,ethereum,0xf7d1c0cdba5176c9cdf9cced5e617d76bfaa70c3b13be5292eed86913be9df98,https://etherscan.io/tx/0xf7d1c0cdba5176c9cdf9cced5e617d76bfaa70c3b13be5292eed86913be9df98,onchain-match,2026-09-19
Propr.xyz,propr,2026-07-14,2026-07-14T02:00:11Z,116.23,92.98,80,ethereum,0x47b8ecff7f95f33b8b51fee9638a2edec7eadbc0f2175e5bde7e2ff8acf97255,https://etherscan.io/tx/0x47b8ecff7f95f33b8b51fee9638a2edec7eadbc0f2175e5bde7e2ff8acf97255,onchain-match,2026-09-19
Propr.xyz,propr,2026-06-25,2026-06-25T18:28:35Z,78.82,63.06,80,ethereum,0x5974b73dc12d914e0d72fd02dbc58bfb77d8f328895a779a8e8d34765dd4037b,https://etherscan.io/tx/0x5974b73dc12d914e0d72fd02dbc58bfb77d8f328895a779a8e8d34765dd4037b,onchain-match,2026-09-19
Propr.xyz,propr,2026-06-18,2026-06-18T10:57:35Z,76.33,61.07,80,ethereum,0x1fe09dce68de8d031ea5e51194fea32ddc4423075ab5334e10ddd605cf1db84c,https://etherscan.io/tx/0x1fe09dce68de8d031ea5e51194fea32ddc4423075ab5334e10ddd605cf1db84c,onchain-match,2026-09-19
Propr.xyz,propr,2026-06-18,2026-06-18T09:22:47Z,81.54,65.23,80,ethereum,0x8574a1e3b4c191b198e58e4de88aaf53fc0708252dd729d5012fe1802315a74e,https://etherscan.io/tx/0x8574a1e3b4c191b198e58e4de88aaf53fc0708252dd729d5012fe1802315a74e,onchain-match,2026-09-19
Propr.xyz,propr,2026-06-17,2026-06-17T07:50:11Z,132.96,106.37,80,ethereum,0x16fff891d1114ac430c20ed03242f8317110985fe075096fdbfc18a608ea38ee,https://etherscan.io/tx/0x16fff891d1114ac430c20ed03242f8317110985fe075096fdbfc18a608ea38ee,onchain-match,2026-09-19
Propr.xyz,propr,2026-06-17,2026-06-17T05:36:11Z,111.65,89.32,80,ethereum,0x897d2b018a7a1cfb8430242e749a98d020922efc8b95a14168734884310092a3,https://etherscan.io/tx/0x897d2b018a7a1cfb8430242e749a98d020922efc8b95a14168734884310092a3,onchain-match,2026-09-19
Propr.xyz,propr,2026-06-12,2026-06-12T01:11:47Z,355.93,284.75,80,ethereum,0x27c6354e0619cdb347426cfaf0ef0fe8fa8f6130be553d7a5ddd5fda781c3cdf,https://etherscan.io/tx/0x27c6354e0619cdb347426cfaf0ef0fe8fa8f6130be553d7a5ddd5fda781c3cdf,onchain-match,2026-09-19
Propr.xyz,propr,2026-06-03,2026-06-03T12:30:47Z,135.62,108.49,80,ethereum,0xd7c3d5ada723c91974bee25b7b005f044901f2b8f8bba84daafef6b2e4b3f48c,https://etherscan.io/tx/0xd7c3d5ada723c91974bee25b7b005f044901f2b8f8bba84daafef6b2e4b3f48c,onchain-match,2026-09-19
Propr.xyz,propr,2026-06-03,2026-06-03T04:37:35Z,207.87,166.29,80,ethereum,0xabca6989ee9ce00261015fa25fb9baa16d9286f2857040cc6de767e1cb460915,https://etherscan.io/tx/0xabca6989ee9ce00261015fa25fb9baa16d9286f2857040cc6de767e1cb460915,onchain-match,2026-09-19
Propr.xyz,propr,2026-06-02,2026-06-02T11:38:59Z,148.77,119.02,80,ethereum,0xaf28653cde39d339cc74567e636747a626d10250b0f6d0ccb7decb5a59997ceb,https://etherscan.io/tx/0xaf28653cde39d339cc74567e636747a626d10250b0f6d0ccb7decb5a59997ceb,onchain-match,2026-09-19
Propr.xyz,propr,2026-06-01,2026-06-01T12:35:23Z,136.66,109.33,80,ethereum,0x03bc6f77bcfa55b6b64945cce74f81aaa49758fa47641dd8c6b9194e8e0c6d6f,https://etherscan.io/tx/0x03bc6f77bcfa55b6b64945cce74f81aaa49758fa47641dd8c6b9194e8e0c6d6f,onchain-match,2026-09-19
Propr.xyz,propr,2026-06-01,2026-06-01T08:38:59Z,166.55,133.24,80,ethereum,0xbd525df2e417f0fc353b8583f4266a1f0ae327bcafd8feab079a49909abc8005,https://etherscan.io/tx/0xbd525df2e417f0fc353b8583f4266a1f0ae327bcafd8feab079a49909abc8005,onchain-match,2026-09-19
Propr.xyz,propr,2026-06-01,2026-06-01T03:30:59Z,126.73,101.38,80,ethereum,0x9a4d276087027bca3f558e8613d4d3579f605fda4af7acee938a3915fc7e0a95,https://etherscan.io/tx/0x9a4d276087027bca3f558e8613d4d3579f605fda4af7acee938a3915fc7e0a95,onchain-match,2026-09-19
Propr.xyz,propr,2026-06-01,2026-06-01T03:32:59Z,133.17,106.54,80,ethereum,0x3ed3274f3a575b1a076370aafd294a885001a9b5df4752682dbc8f1f4eee8461,https://etherscan.io/tx/0x3ed3274f3a575b1a076370aafd294a885001a9b5df4752682dbc8f1f4eee8461,onchain-match,2026-09-19
Propr.xyz,propr,2026-05-31,2026-05-31T04:09:11Z,254.94,203.95,80,ethereum,0xd4681e0fadd691480f238153d672e933b2f20acd44b871c5a9f860ac71170991,https://etherscan.io/tx/0xd4681e0fadd691480f238153d672e933b2f20acd44b871c5a9f860ac71170991,onchain-match,2026-09-19
Propr.xyz,propr,2026-05-30,2026-05-30T11:35:11Z,204.79,163.83,80,ethereum,0x060761be182ca78b786ecd5a21e17865079c7a0e9ea4fb79bcd82ed9fda0e160,https://etherscan.io/tx/0x060761be182ca78b786ecd5a21e17865079c7a0e9ea4fb79bcd82ed9fda0e160,onchain-match,2026-09-19
Propr.xyz,propr,2026-05-28,2026-05-28T15:43:47Z,120.17,96.13,80,ethereum,0xe52f9c4f2a656f3e9db5e59da39ece65a24d74a3838d0e25ccdba557b12f6479,https://etherscan.io/tx/0xe52f9c4f2a656f3e9db5e59da39ece65a24d74a3838d0e25ccdba557b12f6479,onchain-match,2026-09-19
Propr.xyz,propr,2026-05-24,2026-05-24T12:15:47Z,112.36,89.89,80,ethereum,0x43da900ffd9b488e6e76ec48db6fab08a68372d3772588e6df6c76324858db9d,https://etherscan.io/tx/0x43da900ffd9b488e6e76ec48db6fab08a68372d3772588e6df6c76324858db9d,onchain-match,2026-09-19
Propr.xyz,propr,2026-05-24,2026-05-24T12:13:35Z,80.38,64.31,80,ethereum,0x31053af4a780861453460ff8cf4c9f694177e6962df52fc6b15d9dc671892ca3,https://etherscan.io/tx/0x31053af4a780861453460ff8cf4c9f694177e6962df52fc6b15d9dc671892ca3,onchain-match,2026-09-19
Propr.xyz,propr,2026-05-22,2026-05-22T15:00:11Z,135.77,108.62,80,ethereum,0x1890fa32a04c4179808d49b3096b7986eb628c8588cf0f4151d2158f8673de98,https://etherscan.io/tx/0x1890fa32a04c4179808d49b3096b7986eb628c8588cf0f4151d2158f8673de98,onchain-match,2026-09-19
Propr.xyz,propr,2026-05-21,2026-05-21T15:15:23Z,187.12,149.7,80,ethereum,0xcc67164b1b554000ad9dac08e6622343aa3a2781dad919f742631c22fc171175,https://etherscan.io/tx/0xcc67164b1b554000ad9dac08e6622343aa3a2781dad919f742631c22fc171175,onchain-match,2026-09-19
Propr.xyz,propr,2026-05-20,2026-05-20T10:08:47Z,105.01,84.01,80,ethereum,0x4fd80185ca11e4ec40f0f20e339a54047603ae6d565bc34e11d0e7df74f4f8b5,https://etherscan.io/tx/0x4fd80185ca11e4ec40f0f20e339a54047603ae6d565bc34e11d0e7df74f4f8b5,onchain-match,2026-09-19
Hypernova,hypernova,2026-08-29,2026-08-29T09:51:58Z,,101.476625,80,arbitrum,0x69d3a8220974f03a415d8dc8004e84163ba4438a4718124a6e01f3334492a523,https://arbiscan.io/tx/0x69d3a8220974f03a415d8dc8004e84163ba4438a4718124a6e01f3334492a523,onchain-match,2026-09-19
Hypernova,hypernova,2026-08-30,2026-08-30T08:22:00Z,,82.035845,80,arbitrum,0xcffe68a8193937f48796c3cc4a46a4267075c1e22b7502122ab06f5f4d38d032,https://arbiscan.io/tx/0xcffe68a8193937f48796c3cc4a46a4267075c1e22b7502122ab06f5f4d38d032,onchain-match,2026-09-19
Hypernova,hypernova,2026-08-31,2026-08-31T15:34:42Z,,323.935974,80,arbitrum,0x3c9df87350d52b03847a0416ce322d3ef4331aa53b8191ec63e68830b4f87373,https://arbiscan.io/tx/0x3c9df87350d52b03847a0416ce322d3ef4331aa53b8191ec63e68830b4f87373,onchain-match,2026-09-19
Hypernova,hypernova,2026-08-31,2026-08-31T16:46:03Z,,559.546701,80,arbitrum,0xf0c0e5b4bdb47213d27205ee56c3b61991787e983e42b6d5c6c58da5b0c8ac88,https://arbiscan.io/tx/0xf0c0e5b4bdb47213d27205ee56c3b61991787e983e42b6d5c6c58da5b0c8ac88,onchain-match,2026-09-19
Hypernova,hypernova,2026-09-01,2026-09-01T05:53:02Z,,631.479245,80,arbitrum,0x1ab52389dba8c18d94b1711ef7e7e19e17e530389f68268fa5f7f5b86be148a7,https://arbiscan.io/tx/0x1ab52389dba8c18d94b1711ef7e7e19e17e530389f68268fa5f7f5b86be148a7,onchain-match,2026-09-19
Hypernova,hypernova,2026-09-01,2026-09-01T10:40:17Z,,233.61534,80,arbitrum,0xd3848a88c07ffbd8173901c993421076b64cd4d040f8909a35450295be22a0af,https://arbiscan.io/tx/0xd3848a88c07ffbd8173901c993421076b64cd4d040f8909a35450295be22a0af,onchain-match,2026-09-19
